{
  "Popular": [
    ".com",
    ".net",
    ".org",
    ".info",
    ".biz",
    ".me",
    ".mobi",
    ".co.uk",
    ".online",
    ".site",
    ".blog",
    ".club",
    ".vip",
    ".icu",
    ".top",
    ".xyz",
    ".top",
    ".io",
    ".us",
    ".ca",
    ".tk",
    ".cn",
    ".de",
    ".uk",
    ".tw",
    ".nl",
    ".ru",
    ".br",
    ".eu"
  ],
  "Arts and Entertainment": [
    ".actor",
    ".art",
    ".audible",
    ".audio",
    ".band",
    ".book",
    ".broadway",
    ".bway",
    ".events",
    ".film",
    ".gallery",
    ".hiphop",
    ".movie",
    ".music",
    ".news",
    ".photography",
    ".photos",
    ".pictures",
    ".radio",
    ".show",
    ".theater",
    ".theatre",
    ".video"
  ],
  "Business": [
    ".ads",
    ".agency",
    ".analytics",
    ".associates",
    ".bauhaus",
    ".booking",
    ".business",
    ".career",
    ".careers",
    ".center",
    ".co.com",
    ".company",
    ".corp",
    ".ecom",
    ".enterprises",
    ".farm",
    ".forum",
    ".foundation",
    ".gives",
    ".giving",
    ".gmbh",
    ".inc",
    ".industries",
    ".limited",
    ".llc",
    ".llp",
    ".ltd",
    ".management",
    ".marketing",
    ".ngo",
    ".ong",
    ".partners",
    ".press",
    ".pw",
    ".sarl",
    ".solutions",
    ".srl",
    ".studio",
    ".trade",
    ".trading",
    ".xin"
  ],
  "Geographic": [
    ".abudhabi",
    ".africa",
    ".alsace",
    ".amsterdam",
    ".aquitaine",
    ".bar",
    ".barcelona",
    ".bayern",
    ".berlin",
    ".boston",
    ".broadway",
    ".brussels",
    ".budapest",
    ".bzh",
    ".capetown",
    ".catalonia",
    ".chesapeake",
    ".city",
    ".cologne",
    ".country",
    ".cymru",
    ".desi",
    ".doha",
    ".dotafrica",
    ".dubai",
    ".durban",
    ".earth",
    ".eus",
    ".frl",
    ".gal",
    ".gent",
    ".global",
    ".hamburg",
    ".helsinki",
    ".international",
    ".ist",
    ".istanbul",
    ".joburg",
    ".kiwi",
    ".koeln",
    ".kyoto",
    ".london",
    ".madrid",
    ".melbourne",
    ".miami",
    ".moscow",
    ".nagoya",
    ".nrw",
    ".nyc",
    ".okinawa",
    ".osaka",
    ".paris",
    ".patagonia",
    ".persiangulf",
    ".place",
    ".quebec",
    ".rio",
    ".roma",
    ".ruhr",
    ".ryukyu",
    ".saarland",
    ".scot",
    ".stockholm",
    ".swiss",
    ".sydney",
    ".taipei",
    ".tatar",
    ".thai",
    ".tirol",
    ".tokyo",
    ".town",
    ".uk",
    ".vegas",
    ".vlaanderen",
    ".wales",
    ".wien",
    ".world",
    ".yokohama",
    ".zuerich"
  ],
  "Sports": [
    ".baseball",
    ".basketball",
    ".coach",
    ".cricket",
    ".fan",
    ".fans",
    ".football",
    ".futbol",
    ".golf",
    ".hockey",
    ".moto",
    ".nba",
    ".racing",
    ".rodeo",
    ".rugby",
    ".run",
    ".ski",
    ".soccer",
    ".sport",
    ".sports",
    ".team",
    ".tennis",
    ".yoga"
  ],
  "Technology": [
    ".app",
    ".blog",
    ".chat",
    ".click",
    ".cloud",
    ".codes",
    ".computer",
    ".comsec",
    ".data",
    ".digital",
    ".docs",
    ".domains",
    ".dot",
    ".download",
    ".dvr",
    ".email",
    ".epost",
    ".graphics",
    ".host",
    ".hosting",
    ".idn",
    ".mail",
    ".map",
    ".media",
    ".mobile",
    ".mobily",
    ".mov",
    ".mozaic",
    ".msd",
    ".network",
    ".onl",
    ".online",
    ".phone",
    ".search",
    ".seek",
    ".site",
    ".software",
    ".systems",
    ".tech",
    ".technology",
    ".tube",
    ".viajes",
    ".web",
    ".webcam",
    ".website",
    ".weibo",
    ".zip"
  ],
  "Services": [
    ".abogado",
    ".accountant",
    ".accountants",
    ".apartments",
    ".app",
    ".archi",
    ".architect",
    ".attorney",
    ".auto",
    ".autos",
    ".bank",
    ".banque",
    ".broker",
    ".builders",
    ".cab",
    ".career",
    ".careers",
    ".catering",
    ".cityeats",
    ".claims",
    ".cleaning",
    ".clinic",
    ".construction",
    ".consulting",
    ".contractors",
    ".cpa",
    ".creditunion",
    ".dds",
    ".delivery",
    ".dental",
    ".dentist",
    ".design",
    ".direct",
    ".directory",
    ".docs",
    ".doctor",
    ".download",
    ".email",
    ".energy",
    ".engineer",
    ".engineering",
    ".esq",
    ".expert",
    ".express",
    ".farm",
    ".finance",
    ".financial",
    ".financialaid",
    ".fit",
    ".fitness",
    ".flights",
    ".florist",
    ".flowers",
    ".fly",
    ".gift",
    ".glass",
    ".graphics",
    ".guide",
    ".guitars",
    ".health",
    ".healthcare",
    ".help",
    ".hospital",
    ".hosting",
    ".hotel",
    ".hotels",
    ".institute",
    ".insurance",
    ".insure",
    ".investments",
    ".law",
    ".lawyer",
    ".legal",
    ".life",
    ".lifeinsurance",
    ".limo",
    ".link",
    ".loan",
    ".loans",
    ".mail",
    ".management",
    ".marketing",
    ".med",
    ".medical",
    ".meet",
    ".memorial",
    ".mls",
    ".mobile",
    ".money",
    ".mortgage",
    ".mutualfunds",
    ".news",
    ".pharmacy",
    ".photo",
    ".photography",
    ".physio",
    ".pics",
    ".productions",
    ".realtor",
    ".rehab",
    ".rentals",
    ".repair",
    ".rest",
    ".safe",
    ".safety",
    ".salon",
    ".sas",
    ".secure",
    ".security",
    ".services",
    ".sexy",
    ".storage",
    ".support",
    ".surgery",
    ".tattoo",
    ".taxi",
    ".tips",
    ".tours",
    ".training",
    ".translations",
    ".trust",
    ".versicherung",
    ".vet",
    ".vin",
    ".weather",
    ".wed",
    ".work",
    ".works"
  ],
  "Money and Finance": [
    ".accountant",
    ".accountants",
    ".bank",
    ".banque",
    ".bond",
    ".broker",
    ".capital",
    ".cash",
    ".cfd",
    ".cpa",
    ".credit",
    ".creditcard",
    ".creditunion",
    ".estate",
    ".exchange",
    ".finance",
    ".financial",
    ".financialaid",
    ".fund",
    ".gold",
    ".investments",
    ".ira",
    ".loan",
    ".loans",
    ".money",
    ".mortgage",
    ".mutual",
    ".mutualfunds",
    ".pay",
    ".reit",
    ".rich",
    ".tax"
  ],
  "Education": [
    ".academy",
    ".college",
    ".courses",
    ".degree",
    ".education",
    ".mba",
    ".phd",
    ".prof",
    ".scholarships",
    ".school",
    ".schule",
    ".science",
    ".shiksha",
    ".study",
    ".university"
  ],
  "Food and Drink": [
    ".bar",
    ".beer",
    ".cafe",
    ".catering",
    ".cityeats",
    ".coffee",
    ".cooking",
    ".eat",
    ".food",
    ".grocery",
    ".kitchen",
    ".pizza",
    ".pub",
    ".recipes",
    ".rest",
    ".restaurant",
    ".vodka",
    ".wine"
  ],
  "Leisure and Recreation": [
    ".bet",
    ".bid",
    ".bingo",
    ".camp",
    ".casino",
    ".cruise",
    ".cruises",
    ".dance",
    ".events",
    ".fish",
    ".fishing",
    ".flights",
    ".fly",
    ".game",
    ".games",
    ".holiday",
    ".horse",
    ".hotel",
    ".hotels",
    ".lotto",
    ".ninja",
    ".party",
    ".play",
    ".poker",
    ".pub",
    ".reise",
    ".reisen",
    ".social",
    ".spa",
    ".spreadbetting",
    ".surf",
    ".tour",
    ".tours",
    ".vacations",
    ".vana",
    ".vegas",
    ".voyage",
    ".yachts"
  ],
  "Shopping": [
    ".auction",
    ".audio",
    ".auto",
    ".autos",
    ".bargains",
    ".bid",
    ".bike",
    ".blackfriday",
    ".boats",
    ".boutique",
    ".build",
    ".buy",
    ".cars",
    ".cheap",
    ".clothing",
    ".compare",
    ".computer",
    ".coupon",
    ".coupons",
    ".deal",
    ".deals",
    ".diamonds",
    ".discount",
    ".ecom",
    ".equipment",
    ".exchange",
    ".fashion",
    ".forsale",
    ".free",
    ".furniture",
    ".gifts",
    ".grocery",
    ".guru",
    ".holdings",
    ".jewelry",
    ".kaufen",
    ".lighting",
    ".luxe",
    ".luxury",
    ".market",
    ".markets",
    ".menu",
    ".moda",
    ".motorcycles",
    ".movie",
    ".music",
    ".parts",
    ".plumbing",
    ".promo",
    ".qpon",
    ".sale",
    ".save",
    ".shoes",
    ".shop",
    ".shopping",
    ".shopyourway",
    ".singles",
    ".store",
    ".supplies",
    ".supply",
    ".tickets",
    ".tienda",
    ".tires",
    ".tools",
    ".toys",
    ".ventures",
    ".watch",
    ".watches"
  ],
  "Real Estate": [
    ".apartments",
    ".builders",
    ".casa",
    ".condos",
    ".forsale",
    ".haus",
    ".home",
    ".homes",
    ".house",
    ".immo",
    ".immobilien",
    ".land",
    ".lease",
    ".maison",
    ".mls",
    ".properties",
    ".property",
    ".realestate",
    ".realtor",
    ".realty",
    ".rent",
    ".studio",
    ".villas"
  ],
  "Novelty": [
    ".and",
    ".are",
    ".beknown",
    ".best",
    ".black",
    ".blue",
    ".boo",
    ".box",
    ".chk",
    ".cool",
    ".cyou",
    ".day",
    ".est",
    ".fail",
    ".feedback",
    ".final",
    ".foo",
    ".free",
    ".fun",
    ".fyi",
    ".glean",
    ".goo",
    ".gratis",
    ".gripe",
    ".here",
    ".hot",
    ".how",
    ".ing",
    ".justforu",
    ".kim",
    ".lol",
    ".meme",
    ".men",
    ".moe",
    ".new",
    ".ninja",
    ".now",
    ".one",
    ".ooo",
    ".pid",
    ".pink",
    ".plus",
    ".red",
    ".rip",
    ".rocks",
    ".rsvp",
    ".spot",
    ".sucks",
    ".today",
    ".win",
    ".winners",
    ".wow",
    ".wtf",
    ".xyz",
    ".you",
    ".zone"
  ]
}
